id,pred
A7526842,3632.4143891761846
A5288848,2698.762387364184
A9352322,5673.13816461128
A4354501,32723.074365788183
A1068236,6459.211116622553
A4576573,7478.431142252458
A2399687,12971.680652844418
A9734517,3561.742147537799
A3558492,8193.17207398106
A3981194,654.0951806725984
A9453213,26638.638507949934
A3704844,3178.018856585128
A9545549,15527.776407101459
A7616265,21940.137870309307
A8646115,8446.363652186787
A6074088,9003.918456659985
A8632426,13496.126255400777
A1544862,1079.0716786869148
A6253499,5528.137222790851
A9937445,27746.30171243505
A7927649,4651.218778129088
A9097483,2465.2754091600186
A8347544,21295.485355060202
A9731646,8635.248079001187
A7365021,1403.1545592607051
A4660291,12116.67954589428
A9650812,6311.910386015096
A7840768,51634.72695235947
A7177764,9838.990115042754
A3198757,22781.20108691263
A5444044,12790.837698411218
A7462956,15539.116516872926
A2001038,11961.607412626836
A6560309,16256.53472676269
A8192303,901.0425993794956
A2070174,3171.937668920544
A5701834,15017.827661854362
A2000729,6629.366375209151
A3291288,10047.931448802306
A2062505,16965.113618786472
A9817808,2273.231590577167
A8612052,10219.0510000947
A7946760,10395.702871145006
A9364357,24877.008406651996
A7970367,6774.222492077794
A7479646,1933.651187025348
A7342932,3324.336264283665
A6730911,5256.853103886474
A8067269,6807.056049243896
A8867960,14722.262458367342
A3331759,1740.447535898846
A5147907,26549.159600214593
A8902107,29232.892901101663
A3630390,20218.416484908055
A7255077,24152.370289398255
A6310451,22013.33134868123
A6295398,7462.576553744343
A1985569,12398.020635621864
A3806952,12527.897276754702
A6873024,5818.4344163068035
A4615413,42110.255437232
A1228177,6164.352457980395
A8749709,8763.070688288435
A2002863,16938.907527276337
A7277556,4538.755399447735
A5500326,8953.725337744885
A7989570,12319.289322417095
A9647554,13177.452688262703
A5559182,10556.978465626575
A8602106,10765.002680359104
A2701144,24074.888927236214
A4877193,33565.55865932094
A4520693,13483.676768760162
A9072017,7075.658695835843
A1810466,17973.215702226782
A7425351,8590.223029723673
A2553971,2178.183375555404
A9810267,30233.30609589419
A8974853,7122.780729604996
A4621664,52127.12899906019
A3755094,12932.986140508923
A4265382,2484.203833696199
A3986144,12059.672322906543
A2620488,17526.25290847415
A8594958,4912.288484722955
A3391715,3248.416090241634
A3484239,758.4309271352089
A7833468,30001.71683964669
A7132278,23066.477429723054
A6409032,5308.5631217902155
A5599281,29958.382435196057
A1201961,5726.431995925981
A6912777,17852.357823346472
A5459771,10239.33760532466
A6942874,6008.4787854568185
A3177824,15714.150044387703
A8777772,5730.6490208640525
A7718167,10558.598587042752
A8599383,18882.44172171315
A2345571,2906.3735080403126
A4252798,10653.844123700857
A6566101,4932.722460321931
A2430120,6606.521294954427
A6460729,16626.865164357245
A6677859,12337.298072619637
A5598972,9396.652351914232
A1408546,1386.4290608888712
A9437739,45962.58832564623
A4686046,1407.6449259643675
A9203755,15980.016592379643
A1299341,3991.6074103365354
A3009238,17807.08351846035
A3148555,9451.837520360288
A2940297,1385.282885431452
A6450953,7429.290596090351
A3833879,8493.649264905851
A8356850,5288.940974785901
A9241583,10794.19651633231
A4885415,6657.191231888052
A9535525,1671.3379133397284
A7748352,18430.24731977622
A1168644,1561.2517582082473
A6600831,7001.238991880993
A7615796,10036.04032172264
A3988685,6004.634124585921
A6559093,11521.03506623791
A5025441,2297.913441055323
A1950408,13269.820224947864
A8489179,16130.976402547969
A7952790,806.7104897624419
A9626878,14905.019263476814
A1119790,9912.066673152081
A6157800,17359.838764376764
A1163000,11308.521571822284
A3917953,27784.204705966105
A5374852,25204.10526576064
A9270060,16321.705746969994
A5518411,48502.220587452925
A6706398,11548.443388264242
A4908202,20537.556117358185
A2989989,6307.077131553488
A9684434,15995.64106334664
A3308893,34089.064740886395
A7076745,5494.421668111054
A4361726,9050.660578277417
A8045155,2304.027902788424
A4601160,13677.672305618322
A3160952,1058.8159461756177
A5066223,5268.597145977157
A3897231,5682.663035130634
A2831923,18729.9303077892
A8903581,613.5136564700277
A9498642,48845.9575299129
A4219788,6694.702031933527
A8797566,9719.723411703955
A6087897,6070.001250993604
A4183675,16822.430199103554
A8757748,15267.76218649312
A4766471,6504.673299049357
A7664695,10972.351485958314
A4426731,11036.302917015262
A6483839,7199.132476123148
A5288581,26843.269016472976
A6900675,4524.827561849439
A9482068,21371.948774537177
A9994688,6271.493817272847
A7480132,11463.82522307587
A3668453,7286.42669330879
A1708150,4641.324366018116
A6034456,5743.373120415318
A3584018,1898.1487248679691
A9643955,8678.04519277363
A5461812,58752.17179933564
A4878631,19164.92093264412
A8092634,5313.152160994257
A2312011,10085.662884001744
A9206009,2956.0522040835394
A7577865,15784.401820373154
A8860908,20082.374604923032
A3043848,1760.668182238626
A7361101,16252.590616537947
A8504403,575.4190235123423
A7451575,18694.97237658011
A8916407,69255.9476818938
A3586365,3369.0167126604183
A1653329,4455.150030858526
A6702028,7600.301412379008
A7964455,40148.870238675176
A8202442,1763.687889136152
A9427144,3700.9478982746423
A4812565,2344.8640257856637
A4759124,16334.903747970617
A6769542,24315.45034475837
A3183994,6973.010655077408
A7690609,5925.732094955674
A6027913,3818.291201310145
A2433644,5834.048856927702
A9706577,32355.82575084805
A3499888,7084.574055250244
A3764509,9987.82110516197
A7878101,11240.027774365755
A1401145,4349.824650387686
A8244402,28983.23311469738
A6225921,7430.601265227432
A6094048,18346.41091801036
A3339021,2931.420649412582
A6117597,8818.505709770938
A6475713,3008.328320742552
A4117568,23294.442619432844
A6546580,8263.611831212094
A3257405,4540.159601318029
A3131167,8163.927055978902
A8461297,10137.74269701404
A9500541,21376.015726989663
A8618053,1960.8730109168876
A9523228,9419.581108683898
A9734295,3921.878362458131
A8611294,8208.268822824468
A1979192,6057.370230998962
A8279338,7321.8920133868405
A7703568,78174.31609063142
A2221411,2670.789585433424
A2763699,12147.062513224759
A7244287,613.7591291052397
A3896072,3923.389988006965
A3249829,13422.185298870256
A9484578,21571.445842450103
A6423956,6269.16560408802
A9648761,27592.2937157482
A5899088,9687.927491261897
A3506205,18405.000094695137
A7239185,8995.725211664945
A9529969,5353.607431418395
A2567000,14436.68016231523
A6974885,77838.02575966794
A2917036,37955.83461984083
A1095485,878.7380870557491
A5147169,10196.336181599609
A9060078,1551.7370852804274
A9141839,11328.747296374584
A7199028,25585.838129228192
A6950965,8800.322045643312
A6844289,24715.805049900013
A9559762,23548.799565341174
A3740965,2959.2503043502415
A3008970,2605.8923644789184
A2120795,26870.18695085111
A8138215,7474.052493717909
A7594210,44659.290890727796
A7841725,18019.847356815524
A2101312,5854.1984148654155
A2281207,2086.8576951582277
A5169213,6532.7447022960005
A1595843,23036.968477236358
A9559792,7254.530845562354
A6706755,44561.371588799164
A3318457,1762.322887010123
A6253673,22162.535720940326
A8055634,5488.445482220542
A6370501,1148.4419051644416
A4809353,13721.490415403901
A5827004,13280.804200036018
A2654801,15027.703329527383
A3133654,8044.369414749096
A5991281,61002.03557600107
A5218061,146192.59722691472
A2920151,6662.401174286372
A6292356,8152.103775657598
A8892274,8319.859694998173
A8498395,19997.372411629913
A5007168,15768.14424519541
A6693402,55468.777201738216
A2105272,13340.925735275632
A2023342,8818.61918164948
A7290118,10647.291095935385
A7031931,14972.92750301825
A9802095,31160.269636369736
A4438586,4282.251110891637
A3939197,3775.8793497708757
A4200658,25168.493875818738
A2475173,10817.968358104295
A3938818,16976.79035179943
A5564904,24550.981351606784
A8666333,3755.6147206805385
A6737212,77183.570443735
A3653400,33366.54011181008
A1472370,1397.7748406335022
A6723631,4506.795616756734
A7077286,2881.207849477786
A3155482,13111.656983054456
A7443616,8439.483247340924
A1457168,34593.0224345282
A3326745,12000.302046071276
A7962280,50437.14714032921
A3262884,15201.634619890014
A3981399,7599.5352643994365
A4067205,6132.538906501741
A3373621,1428.5234613441266
A1322641,713.9306738831776
A6176570,2554.11723555735
