id,pred,proba
A7526842,Manual,0.09807606526229344
A5288848,Automatic,0.9970229599024107
A9352322,Automatic,0.9745871849239143
A4354501,Automatic,0.999999765660473
A1068236,Manual,0.002674115231773176
A4576573,Automatic,0.9246941519293829
A2399687,Manual,0.03611346913919584
A9734517,Manual,0.0008951137035224996
A3558492,Manual,0.004876950175703608
A3981194,Manual,0.00371391168528283
A9453213,Automatic,0.99096434897441
A3704844,Automatic,0.9991913861480585
A9545549,Manual,0.16348016883458644
A7616265,Automatic,0.9999776637946579
A8646115,Automatic,0.7066720841708356
A6074088,Manual,0.023285511232987482
A8632426,Manual,0.023400566195683415
A1544862,Manual,0.000518659432074518
A6253499,Automatic,0.8640241715566686
A9937445,Automatic,0.9984819696799424
A7927649,Manual,0.0256515274411259
A9097483,Automatic,0.5540346102981156
A8347544,Automatic,0.9749778025636987
A9731646,Manual,0.0018271646646478219
A7365021,Manual,0.0014133432396655863
A4660291,Manual,0.008060520321218453
A9650812,Manual,0.0031840945076594103
A7840768,Automatic,0.9999497275754853
A7177764,Manual,0.0239385978175965
A3198757,Manual,0.0018856243508262615
A5444044,Manual,0.37099341247594564
A7462956,Manual,0.03744998371567036
A2001038,Manual,0.08870815262812634
A6560309,Automatic,0.9999476349139701
A8192303,Manual,6.773570245944113e-05
A2070174,Automatic,0.9992245689482033
A5701834,Manual,0.15613962821417904
A2000729,Manual,0.0011800699239141446
A3291288,Automatic,0.9999933879565247
A2062505,Manual,0.033012287945537365
A9817808,Manual,0.003805405726073698
A8612052,Automatic,0.9997974238630051
A7946760,Manual,0.04064362228209444
A9364357,Automatic,0.9312704778110148
A7970367,Automatic,0.8346807447528958
A7479646,Manual,0.021133194017843502
A7342932,Manual,0.2688818877427349
A6730911,Manual,0.00039490060368291865
A8067269,Automatic,0.8638975987489685
A8867960,Manual,0.005659892336907115
A3331759,Manual,0.07106071904532751
A5147907,Automatic,0.8388248760748714
A8902107,Manual,0.2205220274894525
A3630390,Automatic,0.9367699926849378
A7255077,Automatic,0.9603646175771088
A6310451,Automatic,0.9993391562465099
A6295398,Manual,0.0019693182833317216
A1985569,Automatic,0.9899341715690914
A3806952,Manual,0.017812525258289916
A6873024,Manual,0.00012963683565060522
A4615413,Automatic,0.9999343396386776
A1228177,Manual,0.0009955844525238013
A8749709,Automatic,0.9865922603014534
A2002863,Manual,0.04241440495183789
A7277556,Automatic,0.9982112680163319
A5500326,Manual,0.00018482510438153294
A7989570,Automatic,0.9654710198774494
A9647554,Automatic,0.9755952074254396
A5559182,Manual,0.18309324177188693
A8602106,Manual,0.011524632857797869
A2701144,Automatic,0.9918579877605871
A4877193,Automatic,0.9999381307325083
A4520693,Manual,0.0008310906983717233
A9072017,Manual,0.02304582462964898
A1810466,Manual,0.000673015209355042
A7425351,Manual,0.0007380133227216753
A2553971,Manual,0.0005807666493826605
A9810267,Automatic,0.9999991347971241
A8974853,Manual,0.009617023335376455
A4621664,Automatic,0.9997472547026519
A3755094,Manual,0.1298932249882234
A4265382,Manual,0.0033244781974182984
A3986144,Automatic,0.9117439646960572
A2620488,Automatic,0.9999833271352508
A8594958,Manual,0.4337178095879971
A3391715,Manual,0.0065948257483438065
A3484239,Manual,0.0009356103725860472
A7833468,Automatic,0.966148457830798
A7132278,Automatic,0.8510059469426517
A6409032,Automatic,0.6438122738622281
A5599281,Automatic,0.9985192653928346
A1201961,Manual,0.052974485943002046
A6912777,Automatic,0.9997918962165072
A5459771,Manual,0.0022196945934346464
A6942874,Automatic,0.9577417821795794
A3177824,Automatic,0.9993931923781626
A8777772,Manual,0.01958686770193145
A7718167,Manual,0.003003131476938687
A8599383,Automatic,0.983269035349188
A2345571,Manual,0.00350535697319322
A4252798,Automatic,0.8998881213078551
A6566101,Manual,0.0015416643090423237
A2430120,Manual,0.00029458246028587695
A6460729,Manual,0.10551488679478126
A6677859,Manual,0.0018675277105703846
A5598972,Manual,0.003073946172547376
A1408546,Manual,0.002289801365059386
A9437739,Automatic,0.9999732049949589
A4686046,Manual,0.001998228108014088
A9203755,Manual,0.0801984895850609
A1299341,Manual,0.0015738544068912993
A3009238,Automatic,0.9852287793796748
A3148555,Manual,0.0003552093264996997
A2940297,Manual,0.0013557483794222724
A6450953,Automatic,0.9683060329585207
A3833879,Manual,0.0004983433978643927
A8356850,Automatic,0.9927145146186547
A9241583,Manual,0.0020260157036890757
A4885415,Manual,0.003818456614970171
A9535525,Manual,0.038248570321805286
A7748352,Manual,0.024134865607567335
A1168644,Manual,0.0005983409504222168
A6600831,Manual,0.01923845989436655
A7615796,Manual,0.16539068494382878
A3988685,Automatic,0.9999426686138112
A6559093,Manual,0.010307005925025842
A5025441,Manual,0.054386039578249404
A1950408,Automatic,0.9806735362652889
A8489179,Manual,0.08105861711376701
A7952790,Manual,0.00040367481304137497
A9626878,Manual,0.010504546864504536
A1119790,Manual,0.0004024511998279384
A6157800,Automatic,0.9775748430048876
A1163000,Automatic,0.9135771576149452
A3917953,Automatic,0.9131606250138908
A5374852,Automatic,0.999988372979201
A9270060,Manual,0.0667453187962476
A5518411,Automatic,0.9999999688867697
A6706398,Automatic,0.9998350097308997
A4908202,Manual,0.005987974435740936
A2989989,Automatic,0.9994439981159531
A9684434,Manual,0.2834529403090875
A3308893,Manual,0.00023426325565889942
A7076745,Manual,0.0026346289257692685
A4361726,Manual,0.0016172369450418932
A8045155,Manual,0.0018172254975086187
A4601160,Manual,3.404489225173654e-05
A3160952,Automatic,0.9980848726291965
A5066223,Manual,0.001303426126937513
A3897231,Manual,0.002500140952061691
A2831923,Automatic,0.7211008067153053
A8903581,Manual,0.014705922059229356
A9498642,Automatic,0.9999999578510133
A4219788,Manual,0.002594181537678748
A8797566,Automatic,0.7841566492318923
A6087897,Manual,0.0013683572782831302
A4183675,Automatic,0.9998597143226828
A8757748,Automatic,0.9791482636787613
A4766471,Manual,0.0016454429725245143
A7664695,Manual,0.04326315077553515
A4426731,Automatic,0.8563298762523737
A6483839,Manual,0.006060308626832666
A5288581,Automatic,0.5917337943278689
A6900675,Manual,0.005152435356497651
A9482068,Automatic,0.9999139569153693
A9994688,Manual,0.0005263849156926072
A7480132,Manual,0.027745492214055856
A3668453,Manual,0.008616930034901339
A1708150,Manual,0.0030174714697868915
A6034456,Manual,0.039005291346583655
A3584018,Manual,0.0010007022938226158
A9643955,Manual,0.0004528329618650273
A5461812,Automatic,0.999993164541649
A4878631,Automatic,0.9934107216470812
A8092634,Manual,0.0012062675506669587
A2312011,Manual,0.0057944974323183695
A9206009,Manual,0.0008130298414036118
A7577865,Manual,0.013782457372710378
A8860908,Automatic,0.9999993373184702
A3043848,Automatic,0.8709606887867628
A7361101,Manual,0.05440198175670465
A8504403,Manual,0.0021413751498355286
A7451575,Automatic,0.9711669086305625
A8916407,Automatic,0.999993602823791
A3586365,Manual,0.003781215411590802
A1653329,Manual,0.03891937269580897
A6702028,Manual,0.025722454061354403
A7964455,Automatic,0.9999999536444361
A8202442,Automatic,0.9821655416874667
A9427144,Manual,0.002791401635815872
A4812565,Manual,0.0010051858453299638
A4759124,Manual,0.017024551844446668
A6769542,Manual,0.04646296015689562
A3183994,Manual,0.005899017247055391
A7690609,Manual,6.927479436562699e-05
A6027913,Manual,3.975300987731645e-05
A2433644,Manual,0.001736291858527825
A9706577,Automatic,0.9999910414545903
A3499888,Manual,0.09706079500428016
A3764509,Manual,0.004021115451325036
A7878101,Automatic,0.999895691992145
A1401145,Manual,0.05482912049201187
A8244402,Automatic,0.9964082276236036
A6225921,Manual,0.005590069822414641
A6094048,Automatic,0.9999799875411781
A3339021,Manual,0.04364246811938139
A6117597,Manual,0.09141319546729325
A6475713,Manual,0.02574680784822634
A4117568,Automatic,0.9988536066056888
A6546580,Manual,0.019989347318624076
A3257405,Manual,0.003906654255638831
A3131167,Automatic,0.9950595159377251
A8461297,Manual,0.00048577795839579936
A9500541,Automatic,0.997845129561247
A8618053,Manual,0.13481189485902348
A9523228,Automatic,0.9986178227729575
A9734295,Manual,0.021138727897948392
A8611294,Manual,0.0010695222403394975
A1979192,Automatic,0.9894432312562292
A8279338,Manual,0.0012012786083111001
A7703568,Automatic,0.9999972084612474
A2221411,Manual,0.002784841096601542
A2763699,Manual,0.01675344275862161
A7244287,Manual,0.005272718274215953
A3896072,Manual,0.00012472896528832584
A3249829,Manual,0.04549197408007973
A9484578,Automatic,0.9999762215532415
A6423956,Manual,0.06366350845578309
A9648761,Automatic,0.6931873341671605
A5899088,Manual,0.002870154956392863
A3506205,Manual,0.38521082920221045
A7239185,Automatic,0.9996570942396763
A9529969,Manual,0.0003494046660123104
A2567000,Manual,0.37006063310883525
A6974885,Automatic,0.9997739543885047
A2917036,Automatic,0.9999960628954966
A1095485,Manual,0.0037219661985300693
A5147169,Manual,0.09876191593021255
A9060078,Manual,0.006309441774470314
A9141839,Manual,0.03618705109801238
A7199028,Manual,0.014147517539941258
A6950965,Manual,0.003081496758564499
A6844289,Automatic,0.9908996316007199
A9559762,Manual,0.06892867654305244
A3740965,Manual,0.00011295198886880174
A3008970,Automatic,0.9775340797945942
A2120795,Automatic,0.9516607316067729
A8138215,Manual,0.0009315120760111545
A7594210,Manual,0.1640872446031025
A7841725,Automatic,0.9999844864490329
A2101312,Manual,0.00389607456494919
A2281207,Manual,0.0011029870277452136
A5169213,Manual,0.0022570277031101755
A1595843,Automatic,0.8202338996003716
A9559792,Automatic,0.9964480806741142
A6706755,Automatic,0.9509202095222957
A3318457,Manual,0.0015447408755142587
A6253673,Manual,0.23861435448606375
A8055634,Manual,0.0722788149292725
A6370501,Manual,0.013381987626356959
A4809353,Manual,0.0011548679247594244
A5827004,Manual,0.007936235930529946
A2654801,Manual,0.00467041101668184
A3133654,Automatic,0.9266953776247017
A5991281,Automatic,0.9999999796912675
A5218061,Automatic,0.99997784119906
A2920151,Automatic,0.9968463864640492
A6292356,Automatic,0.998946734512016
A8892274,Manual,0.0038886488828940493
A8498395,Automatic,0.9998731187079833
A5007168,Manual,0.4805651978398947
A6693402,Automatic,0.9999895299270155
A2105272,Manual,0.13062523899613748
A2023342,Manual,0.0925190908244164
A7290118,Manual,0.011953784036083106
A7031931,Manual,0.2204889119516262
A9802095,Automatic,0.9057583826847962
A4438586,Manual,0.0012410752858309246
A3939197,Manual,0.00633391468591457
A4200658,Automatic,0.9999635769797239
A2475173,Automatic,0.9930462842918973
A3938818,Manual,0.3197970001163355
A5564904,Manual,0.4265455043781266
A8666333,Manual,0.03835774659914197
A6737212,Automatic,0.9999999940907016
A3653400,Automatic,0.9999453263747753
A1472370,Manual,0.0001958855426925628
A6723631,Automatic,0.9967099023855851
A7077286,Manual,0.02724153807931955
A3155482,Manual,0.010754009687814162
A7443616,Automatic,0.9957964171695124
A1457168,Automatic,0.9999562658495199
A3326745,Manual,0.0031422311867761255
A7962280,Automatic,0.774173280471989
A3262884,Manual,0.016552202470923736
A3981399,Manual,0.00856565380862586
A4067205,Automatic,0.9993686882172603
A3373621,Manual,0.00913225561704657
A1322641,Manual,0.0018751844144862457
A6176570,Manual,0.03423471898760518
